model,anomaly_points,anomaly_rate,event_count,avg_event_duration_hours,avg_event_severity_mw
zscore,446,0.008853246521229926,163,2.736196319018405,5155.810552147239
autoencoder,504,0.010004565575560275,106,4.754716981132075,4385.631320754716
